params,train_accuracy,train_precision,train_f1,train_recall,test_accuracy,test_precision,test_f1,test_recall,test_mcc,test_cm,overfitting_ratio
"{'n_estimators': 2182, 'criterion': 'entropy', 'min_samples_split': 9, 'min_samples_leaf': 4, 'max_features': 'sqrt'}",0.8894514767932489,0.9302776564244454,0.882560132294584,0.8400405620744603,0.8919449901768173,0.891089108910891,0.9146341463414634,0.8687258687258688,0.7850411609236424,"[[229, 21], [34, 225]]",1.0341475256630117
