params,train_accuracy,train_precision,train_f1,train_recall,test_accuracy,test_precision,test_f1,test_recall,test_mcc,test_cm,overfitting_ratio
"{'n_estimators': 2780, 'criterion': 'log_loss', 'min_samples_split': 11, 'min_samples_leaf': 2, 'max_features': 'sqrt'}",0.7947214076246334,0.7567369666477561,0.8077940715772124,0.8669544030630003,0.8084815321477428,0.8271604938271605,0.7596371882086168,0.907859078590786,0.6285698187453675,"[[256, 106], [34, 335]]",1.0471820379287158
