params,train_accuracy,train_precision,train_f1,train_recall,test_accuracy,test_precision,test_f1,test_recall,test_mcc,test_cm,overfitting_ratio
{},0.8548569266148517,0.8586715316886735,0.8529559934317023,0.8474048169787368,0.8470500373412995,0.8482962962962963,0.8541169451073986,0.842554443790465,0.6941594163231803,"[[2808, 489], [535, 2863]]",0.9942762029539023
