id_seq,sequence,response,prob-0,prob-1
seq1,ADFFTGGTTGGFFDDEER,1,0.4977306224553053,0.5022693775446947
seq2,ADFFTGGTTGGFFDDEEPP,1,0.48792629000065046,0.5120737099993496
seq3,ADFFTGGTTGGFFDDEERWSSD,0,0.5790794069177465,0.42092059308225344
