id_seq,sequence,response,prob-0,prob-1
seq1,ADFFTGGTTGGFFDDEER,0,0.5800260941498934,0.419973905850106
seq2,ADFFTGGTTGGFFDDEEPP,0,0.5741823920400161,0.4258176079599824
seq3,ADFFTGGTTGGFFDDEERWSSD,0,0.602193145348927,0.39780685465107163
