id_seq,sequence,response,prob-0,prob-1
seq1,ADFFTGGTTGGFFDDEER,1,0.3728111307658704,0.6271888692341296
seq2,ADFFTGGTTGGFFDDEEPP,1,0.37928367865205725,0.6207163213479419
seq3,ADFFTGGTTGGFFDDEERWSSD,1,0.4409246678394449,0.559075332160555
