id_seq,sequence,response,prob-0,prob-1
seq1,ADFFTGGTTGGFFDDEER,0,0.9901991566926496,0.009800843307350452
seq2,ADFFTGGTTGGFFDDEEPP,0,0.9844124425728149,0.015587557427185109
seq3,ADFFTGGTTGGFFDDEERWSSD,0,0.9747902925887543,0.025209707411245705
