id_seq,sequence,response,prob-0,prob-1
seq1,ADFFTGGTTGGFFDDEER,0,0.6019563380907924,0.39804366190920853
seq2,ADFFTGGTTGGFFDDEEPP,0,0.6532568582988753,0.3467431417011247
seq3,ADFFTGGTTGGFFDDEERWSSD,0,0.6926670668267311,0.3073329331732694
