id_seq,sequence,response,prob-0,prob-1
seq1,ADFFTGGTTGGFFDDEER,1,0.14513010167695672,0.8548698983230439
seq2,ADFFTGGTTGGFFDDEEPP,1,0.18044658949665385,0.8195534105033464
seq3,ADFFTGGTTGGFFDDEERWSSD,1,0.2103482097705462,0.7896517902294541
