params,train_accuracy,train_precision,train_f1,train_recall,test_accuracy,test_precision,test_f1,test_recall,test_mcc,test_cm,overfitting_ratio
{},0.8466798708920187,0.8574733911864566,0.8418219898559084,0.826980108499096,0.8394160583941606,0.8396501457725947,0.863568215892054,0.8170212765957446,0.680124046997353,"[[574, 91], [129, 576]]",0.9879575919650282
