params,train_accuracy,train_precision,train_f1,train_recall,test_accuracy,test_precision,test_f1,test_recall,test_mcc,test_cm,overfitting_ratio
"{'n_estimators': 4362, 'criterion': 'log_loss', 'min_samples_split': 7, 'min_samples_leaf': 2, 'max_features': 'sqrt'}",0.8429249804381846,0.8638829500591715,0.8356102009460706,0.8098633715089412,0.8277372262773722,0.8241430700447094,0.8681318681318682,0.7843971631205674,0.6594217633302156,"[[581, 84], [152, 553]]",0.9685549324932118
