params,train_accuracy,train_precision,train_f1,train_recall,test_accuracy,test_precision,test_f1,test_recall,test_mcc,test_cm,overfitting_ratio
{},0.85324970657277,0.864053281718012,0.8485608710117187,0.8339421338155516,0.843065693430657,0.8434085943190094,0.8667664670658682,0.8212765957446808,0.6873606436133803,"[[576, 89], [126, 579]]",0.9848124497404611
