params,train_accuracy,train_precision,train_f1,train_recall,test_accuracy,test_precision,test_f1,test_recall,test_mcc,test_cm,overfitting_ratio
{},0.885472972972973,0.9120169379825802,0.8812582225398498,0.8526358656686455,0.8916469661150512,0.8889786031489705,0.9175,0.8621769772905247,0.7848132859986507,"[[1162, 99], [176, 1101]]",1.0111901363830116
